{
    "model_name": "Gradient Boosting",
    "metrics": {
        "rmse": 1.6702978170199714,
        "mae": 0.3943009718154759,
        "r2_score": 0.9252031003745391
    },
    "score_info": {
        "min": 7.611337973986351e-06,
        "max": 100.0,
        "mean": 2.7151593725129386,
        "std": 6.211572959224117
    },
    "feature_names": [
        "V1",
        "V2",
        "V3",
        "V4",
        "V5",
        "V6",
        "V7",
        "V8",
        "V9",
        "V10",
        "V11",
        "V12",
        "V13",
        "V14",
        "V15",
        "V16",
        "V17",
        "V18",
        "V19",
        "V20",
        "V21",
        "V22",
        "V23",
        "V24",
        "V25",
        "V26",
        "V27",
        "V28",
        "Amount_scaled",
        "Time_scaled"
    ]
}