{
    "model_name": "SVM (RBF)",
    "metrics": {
        "accuracy": 0.9613,
        "precision": 0.9612679009562487,
        "recall": 0.9613,
        "f1_score": 0.9612525243653277
    },
    "confusion_matrix": [
        [
            969,
            0,
            2,
            0,
            0,
            5,
            2,
            1,
            1,
            0
        ],
        [
            0,
            1126,
            2,
            2,
            1,
            1,
            2,
            1,
            0,
            0
        ],
        [
            8,
            0,
            986,
            6,
            6,
            2,
            2,
            11,
            8,
            3
        ],
        [
            1,
            0,
            12,
            967,
            0,
            9,
            0,
            6,
            12,
            3
        ],
        [
            2,
            1,
            6,
            0,
            938,
            0,
            9,
            3,
            3,
            20
        ],
        [
            5,
            1,
            1,
            17,
            2,
            845,
            12,
            2,
            6,
            1
        ],
        [
            8,
            2,
            5,
            0,
            6,
            6,
            928,
            1,
            2,
            0
        ],
        [
            1,
            8,
            17,
            4,
            3,
            1,
            0,
            982,
            1,
            11
        ],
        [
            4,
            0,
            4,
            10,
            8,
            7,
            2,
            7,
            928,
            4
        ],
        [
            5,
            4,
            3,
            6,
            20,
            7,
            1,
            14,
            5,
            944
        ]
    ],
    "per_digit_accuracy": {
        "0": 0.9887755102040816,
        "1": 0.9920704845814978,
        "2": 0.9554263565891473,
        "3": 0.9574257425742574,
        "4": 0.955193482688391,
        "5": 0.9473094170403588,
        "6": 0.9686847599164927,
        "7": 0.9552529182879378,
        "8": 0.9527720739219713,
        "9": 0.9355797819623389
    },
    "training_samples": 6000,
    "test_samples": 10000
}