{
    "model_name": "Random Forest",
    "metrics": {
        "accuracy": 0.9991924440855307,
        "precision": 0.7280701754385965,
        "recall": 0.8469387755102041,
        "f1_score": 0.7830188679245284,
        "roc_auc": 0.9732691965362397
    },
    "confusion_matrix": [
        [
            56833,
            31
        ],
        [
            15,
            83
        ]
    ],
    "feature_names": [
        "V1",
        "V2",
        "V3",
        "V4",
        "V5",
        "V6",
        "V7",
        "V8",
        "V9",
        "V10",
        "V11",
        "V12",
        "V13",
        "V14",
        "V15",
        "V16",
        "V17",
        "V18",
        "V19",
        "V20",
        "V21",
        "V22",
        "V23",
        "V24",
        "V25",
        "V26",
        "V27",
        "V28",
        "Amount_scaled",
        "Time_scaled"
    ]
}